{
  "k": 5,
  "embedding": "real",
  "judged": true,
  "n_answerable": 10,
  "n_negative": 1,
  "reports": [
    {
      "name": "keyword",
      "hit": 0.7,
      "mrr": 0.4533333333333333,
      "precision": 0.43166666666666664,
      "latency_ms": 535.5526700001064,
      "faithfulness": 0.63,
      "relevancy": 0.6799999999999999,
      "abstention": 1.0
    },
    {
      "name": "baseline",
      "hit": 0.9,
      "mrr": 0.7833333333333333,
      "precision": 0.6,
      "latency_ms": 1555.4721600001358,
      "faithfulness": 0.8300000000000001,
      "relevancy": 0.8699999999999999,
      "abstention": 1.0
    },
    {
      "name": "hybrid",
      "hit": 0.9,
      "mrr": 0.7583333333333333,
      "precision": 0.5,
      "latency_ms": 1657.2075200001564,
      "faithfulness": 0.8400000000000001,
      "relevancy": 0.9,
      "abstention": 1.0
    },
    {
      "name": "hybrid+rerank",
      "hit": 1.0,
      "mrr": 0.9,
      "precision": 0.7,
      "latency_ms": 2575.776279999991,
      "faithfulness": 0.77,
      "relevancy": 0.79,
      "abstention": 1.0
    }
  ]
}