{
  "k": 5,
  "embedding": "real",
  "judged": true,
  "n_answerable": 10,
  "n_negative": 1,
  "reports": [
    {
      "name": "keyword",
      "hit": 0.7,
      "mrr": 0.4533333333333333,
      "precision": 0.43166666666666664,
      "latency_ms": 502.5968300000386,
      "faithfulness": 0.63,
      "relevancy": 0.6799999999999999,
      "abstention": 1.0
    },
    {
      "name": "baseline",
      "hit": 0.9,
      "mrr": 0.7833333333333333,
      "precision": 0.6,
      "latency_ms": 1609.4527600002039,
      "faithfulness": 0.8099999999999999,
      "relevancy": 0.86,
      "abstention": 1.0
    },
    {
      "name": "hybrid",
      "hit": 0.9,
      "mrr": 0.7583333333333333,
      "precision": 0.5,
      "latency_ms": 1695.5810100003873,
      "faithfulness": 0.8300000000000001,
      "relevancy": 0.9,
      "abstention": 1.0
    },
    {
      "name": "hybrid+rerank",
      "hit": 1.0,
      "mrr": 0.9,
      "precision": 0.7,
      "latency_ms": 2602.571519999765,
      "faithfulness": 0.77,
      "relevancy": 0.79,
      "abstention": 1.0
    }
  ]
}