{
  "k": 5,
  "embedding": "real",
  "judged": true,
  "n_answerable": 44,
  "n_negative": 6,
  "reports": [
    {
      "name": "keyword",
      "hit": 0.38636363636363635,
      "mrr": 0.3303030303030303,
      "precision": 0.2981060606060606,
      "latency_ms": 428.8946204546019,
      "faithfulness": 0.4318181818181818,
      "relevancy": 0.45454545454545453,
      "context_precision": 0.4295454545454545,
      "context_recall": 0.41590909090909095,
      "abstention": 1.0
    },
    {
      "name": "baseline",
      "hit": 0.9772727272727273,
      "mrr": 0.9015151515151515,
      "precision": 0.6272727272727273,
      "latency_ms": 1421.5008977272935,
      "faithfulness": 0.8954545454545454,
      "relevancy": 0.9204545454545454,
      "context_precision": 0.8886363636363637,
      "context_recall": 0.8772727272727273,
      "abstention": 1.0
    },
    {
      "name": "hybrid",
      "hit": 0.9772727272727273,
      "mrr": 0.8958333333333333,
      "precision": 0.6272727272727273,
      "latency_ms": 2027.957931818223,
      "faithfulness": 0.8977272727272727,
      "relevancy": 0.9272727272727272,
      "context_precision": 0.8988636363636363,
      "context_recall": 0.8863636363636364,
      "abstention": 1.0
    },
    {
      "name": "hybrid+rerank",
      "hit": 1.0,
      "mrr": 0.9280303030303031,
      "precision": 0.7272727272727273,
      "latency_ms": 3000.7323477272453,
      "faithfulness": 0.9181818181818181,
      "relevancy": 0.9272727272727272,
      "context_precision": 0.9181818181818181,
      "context_recall": 0.9136363636363637,
      "abstention": 1.0
    }
  ]
}